{
  "usingComponents": {},
  "tabBar": {
    "color": "#a9b7b7",
    "selectedColor": "#11cd6e",
    "borderStyle": "white",
    "list": [
      {
        "selectedIconPath": "images/首页.png",
        "iconPath": "images/首页.png",
        "pagePath": "pages/index/index",
        "text": "首页"
      },
      {
        "selectedIconPath": "images/分类.png",
        "iconPath": "images/分类.png",
        "pagePath": "pages/logs/logs",
        "text": "日志"
      },
      {
        "selectedIconPath": "images/用户.png",
        "iconPath": "images/用户.png",
        "pagePath": "pages/user/userInfo",
        "text": "我的信息"
      },
      {
        "selectedIconPath": "images/用户.png",
        "iconPath": "images/用户.png",
        "pagePath": "pages/user/userInfo",
        "text": "开心对话"
      }
    ]
  }
}